<BlockTemplates>

	<BlockTemplateType name="BirchTree">
		<Block type="OakLog" offset="0,0,0"/>
		<Block type="OakLog" offset="0,0,1"/>
		<Block type="OakLog" offset="0,0,2"/>
		<Block type="OakLog" offset="0,0,3"/>
		<Block type="Leaves" offset="1,0,3"/>
		<Block type="Leaves" offset="-1,0,3"/>
		<Block type="Leaves" offset="0,1,3"/>
		<Block type="Leaves" offset="0,-1,3"/>
		<Block type="Leaves" offset="1,0,4"/>
		<Block type="Leaves" offset="-1,0,4"/>
		<Block type="Leaves" offset="0,1,4"/>
		<Block type="Leaves" offset="0,-1,4"/>
		<Block type="Leaves" offset="0,0,4"/>
		<Block type="Leaves" offset="0,0,5"/>
		<Block type="Leaves" offset="1,1,3"/>
		<Block type="Leaves" offset="1,-1,3"/>
		<Block type="Leaves" offset="-1,-1,3"/>
		<Block type="Leaves" offset="-1,1,3"/>
	</BlockTemplateType>
	
</BlockTemplates>